悪役令嬢に転生したけどなぜか神王に溺愛されています 1,,,,アクヤクレイジョウニテンセイシタケドナゼカシンオウニデキアイサレテイマス 1,sinou01,Webtoon,,rtl,yes,yes,,no,function,,1200,1700,,,,,CC entertainment,,シーシーエンターテインメント,JINSE,キンセ,sNow,スノウ,,,,,,,,,,,,,,,,,,,,,,,,,,,,
悪役令嬢に転生したけどなぜか神王に溺愛されています 2,,,,アクヤクレイジョウニテンセイシタケドナゼカシンオウニデキアイサレテイマス 2,sinou02,Webtoon,,rtl,yes,yes,,no,function,,1200,1700,,,,,CC entertainment,,シーシーエンターテインメント,,,,,,,,,,,,,,,,,,,,,,,,,,,,,,,,
悪役令嬢に転生したけどなぜか神王に溺愛されています 3,,,,アクヤクレイジョウニテンセイシタケドナゼカシンオウニデキアイサレテイマス 3,sinou03,Webtoon,,rtl,yes,yes,,no,function,,1200,1700,,,,,CC entertainment,,シーシーエンターテインメント,,,,,,,,,,,,,,,,,,,,,,,,,,,,,,,,
悪役令嬢に転生したけどなぜか神王に溺愛されています 4,,,,アクヤクレイジョウニテンセイシタケドナゼカシンオウニデキアイサレテイマス 4,sinou04,Webtoon,,rtl,yes,yes,,no,function,,1200,1700,,,,,CC entertainment,,シーシーエンターテインメント,,,,,,,,,,,,,,,,,,,,,,,,,,,,,,,,
悪役令嬢に転生したけどなぜか神王に溺愛されています 5,,,,アクヤクレイジョウニテンセイシタケドナゼカシンオウニデキアイサレテイマス 5,sinou05,Webtoon,,rtl,yes,yes,,no,function,,1200,1700,,,,,CC entertainment,,シーシーエンターテインメント,,,,,,,,,,,,,,,,,,,,,,,,,,,,,,,,
悪役令嬢に転生したけどなぜか神王に溺愛されています 6,,,,アクヤクレイジョウニテンセイシタケドナゼカシンオウニデキアイサレテイマス 6,sinou06,Webtoon,,rtl,yes,yes,,no,function,,1200,1700,,,,,CC entertainment,,シーシーエンターテインメント,,,,,,,,,,,,,,,,,,,,,,,,,,,,,,,,
悪役令嬢に転生したけどなぜか神王に溺愛されています 7,,,,アクヤクレイジョウニテンセイシタケドナゼカシンオウニデキアイサレテイマス 7,sinou07,Webtoon,,rtl,yes,yes,,no,function,,1200,1700,,,,,CC entertainment,,シーシーエンターテインメント,,,,,,,,,,,,,,,,,,,,,,,,,,,,,,,,
悪役令嬢に転生したけどなぜか神王に溺愛されています 8,,,,アクヤクレイジョウニテンセイシタケドナゼカシンオウニデキアイサレテイマス 8,sinou08,Webtoon,,rtl,yes,yes,,no,function,,1200,1700,,,,,CC entertainment,,シーシーエンターテインメント,,,,,,,,,,,,,,,,,,,,,,,,,,,,,,,,
悪役令嬢に転生したけどなぜか神王に溺愛されています 9,,,,アクヤクレイジョウニテンセイシタケドナゼカシンオウニデキアイサレテイマス 9,sinou09,Webtoon,,rtl,yes,yes,,no,function,,1200,1700,,,,,CC entertainment,,シーシーエンターテインメント,,,,,,,,,,,,,,,,,,,,,,,,,,,,,,,,
悪役令嬢に転生したけどなぜか神王に溺愛されています 10,,,,アクヤクレイジョウニテンセイシタケドナゼカシンオウニデキアイサレテイマス 10,sinou10,Webtoon,,rtl,yes,yes,,no,function,,1200,1700,,,,,CC entertainment,,シーシーエンターテインメント,,,,,,,,,,,,,,,,,,,,,,,,,,,,,,,,
悪役令嬢に転生したけどなぜか神王に溺愛されています 11,,,,アクヤクレイジョウニテンセイシタケドナゼカシンオウニデキアイサレテイマス 11,sinou11,Webtoon,,rtl,yes,yes,,no,function,,1200,1700,,,,,CC entertainment,,シーシーエンターテインメント,,,,,,,,,,,,,,,,,,,,,,,,,,,,,,,,
悪役令嬢に転生したけどなぜか神王に溺愛されています 12,,,,アクヤクレイジョウニテンセイシタケドナゼカシンオウニデキアイサレテイマス 12,sinou12,Webtoon,,rtl,yes,yes,,no,function,,1200,1700,,,,,CC entertainment,,シーシーエンターテインメント,,,,,,,,,,,,,,,,,,,,,,,,,,,,,,,,
悪役令嬢に転生したけどなぜか神王に溺愛されています 13,,,,アクヤクレイジョウニテンセイシタケドナゼカシンオウニデキアイサレテイマス 13,sinou13,Webtoon,,rtl,yes,yes,,no,function,,1200,1700,,,,,CC entertainment,,シーシーエンターテインメント,,,,,,,,,,,,,,,,,,,,,,,,,,,,,,,,
悪役令嬢に転生したけどなぜか神王に溺愛されています 14,,,,アクヤクレイジョウニテンセイシタケドナゼカシンオウニデキアイサレテイマス 14,sinou14,Webtoon,,rtl,yes,yes,,no,function,,1200,1700,,,,,CC entertainment,,シーシーエンターテインメント,,,,,,,,,,,,,,,,,,,,,,,,,,,,,,,,
悪役令嬢に転生したけどなぜか神王に溺愛されています 15,,,,アクヤクレイジョウニテンセイシタケドナゼカシンオウニデキアイサレテイマス 15,sinou15,Webtoon,,rtl,yes,yes,,no,function,,1200,1700,,,,,CC entertainment,,シーシーエンターテインメント,,,,,,,,,,,,,,,,,,,,,,,,,,,,,,,,
悪役令嬢に転生したけどなぜか神王に溺愛されています 16,,,,アクヤクレイジョウニテンセイシタケドナゼカシンオウニデキアイサレテイマス 16,sinou16,Webtoon,,rtl,yes,yes,,no,function,,1200,1700,,,,,CC entertainment,,シーシーエンターテインメント,,,,,,,,,,,,,,,,,,,,,,,,,,,,,,,,
悪役令嬢に転生したけどなぜか神王に溺愛されています 17,,,,アクヤクレイジョウニテンセイシタケドナゼカシンオウニデキアイサレテイマス 17,sinou17,Webtoon,,rtl,yes,yes,,no,function,,1200,1700,,,,,CC entertainment,,シーシーエンターテインメント,,,,,,,,,,,,,,,,,,,,,,,,,,,,,,,,
悪役令嬢に転生したけどなぜか神王に溺愛されています 18,,,,アクヤクレイジョウニテンセイシタケドナゼカシンオウニデキアイサレテイマス 18,sinou18,Webtoon,,rtl,yes,yes,,no,function,,1200,1700,,,,,CC entertainment,,シーシーエンターテインメント,,,,,,,,,,,,,,,,,,,,,,,,,,,,,,,,
